Time,Position_x,Position_y,Position_z,Velocity_x,Velocity_y,Velocity_z
1733765071.906746,0.0016586172672949768,-0.0016951026156697662,0.3001183757986752,0.09350312824350901,-0.10920005334598333,0.007100195665016877
1733765071.9329765,0.005773804175709459,-0.0065273951894122915,0.2962495964613012,0.1651821006404616,-0.20286332804701493,-0.23846831344286257
1733765071.959177,0.010533176492229096,-0.014141845646605063,0.28805758872733195,0.1506176822043999,-0.3129041777404067,-0.28243911437226515
1733765071.9861228,0.014863855905272857,-0.02571089072566028,0.2818794118986782,0.1265871216753394,-0.4451626262905071,-0.13893630400175536
1733765072.0124233,0.018890444351666983,-0.039633293939090576,0.2785495112560524,0.14925468080209842,-0.4763787791411462,-0.08720131317554847
1733765072.0393975,0.02553010591915515,-0.05181058481507789,0.2803330328047856,0.2960757527481038,-0.34729326984092995,0.1376991249868112
1733765072.0654101,0.03711041103443349,-0.06044070559228059,0.2851933121176925,0.4513655056005133,-0.24371615054935125,0.1853563631450925
1733765072.0918756,0.05207685562363945,-0.06712076403653186,0.2907834685432783,0.5356137358190892,-0.20516945100197945,0.1952592438628996
1733765072.1183405,0.07043650410561834,-0.07292236276596421,0.2962082416831878,0.6447293108367235,-0.1836473100793638,0.1713648915748767
1733765072.1446507,0.0913046887850699,-0.07841528477688123,0.30032879168169435,0.7257118808689172,-0.17930269758079626,0.0972453591366372
1733765072.1712325,0.11452649742482243,-0.08234188467662988,0.3012551555479225,0.8193362586294816,-0.09824672549128431,-0.027425404865386617
1733765072.1970947,0.1400892430224819,-0.08459507141864901,0.30011270033547455,0.8787899084418653,-0.052459319544185944,-0.036735308697097936
1733765072.2250957,0.1674104024350188,-0.08513486660530625,0.298623618490118,0.9365554819498809,0.015202440561913633,-0.04383602623766465
1733765072.2503266,0.1976044517493344,-0.08359930104111599,0.2978417730527744,1.0477794521473172,0.08483467035814868,-0.023293756204227037
1733765072.2757225,0.22968727627339502,-0.0803134402213699,0.293327242695276,1.0775834854963295,0.12815469084920583,-0.24588477313928145
1733765072.301977,0.2616184816042556,-0.07738709337130412,0.2927781345361072,1.061043867435219,0.07228057275649856,0.146192837738471
1733765072.327687,0.2929726958395427,-0.07549603432918593,0.2939318516987719,1.0299731095219615,0.0534442348935693,-0.04520730596898086
1733765072.3544233,0.3237620705769365,-0.07462062061257524,0.2965499608566874,1.0244674997485999,0.011167157202681521,0.21890488450621254
1733765072.3799329,0.35591565304232314,-0.07466879546319638,0.3006710107758059,1.0778241755190459,0.0033776374850926394,0.0461139196676641
1733765072.4064724,0.38801024409629736,-0.07485642214552403,0.3017154973262383,1.0794160119500604,-0.007259857790856881,0.03373208243087567
1733765072.432187,0.41949298662933127,-0.07548912404069384,0.30473185271097186,1.0159796959173102,-0.02118788051553261,0.14236752665881575
1733765072.4582407,0.45003154949838947,-0.0756496377466783,0.3052656450957574,1.017785186147116,0.0028106357103620462,-0.07872034041520287
1733765072.4841259,0.48041086811816974,-0.07585266547002838,0.30223469188537944,1.0135995119677796,-0.010693315656053852,-0.0991708338342666
1733765072.509646,0.5122286866009735,-0.07556097488704251,0.3004896864172814,1.0586792459449301,0.010913640574602609,-0.028806995437306276
1733765072.534948,0.5428847701252002,-0.07545443294148674,0.29818010873210565,0.9946893925628798,0.0038039997134123077,-0.07741237354240167
1733765072.5602305,0.5720370392374023,-0.07444638867717042,0.29903731182303156,0.9626425646651458,0.05191115818261623,0.07168183609493788
1733765072.586547,0.6011806724038292,-0.07238319967759627,0.2988481512808827,0.9770945382244285,0.0789560022140712,-0.05957906103372467
1733765072.6122782,0.6313845010310203,-0.07032278015303267,0.29669260562557326,1.014137597820667,0.07117858607901628,-0.05859026026685357
1733765072.6388996,0.6618310946500742,-0.06872281194623825,0.29454973892660047,1.0065335134846904,0.05483488744974345,-0.10760573292549219
1733765072.6642725,0.6923095936674385,-0.06742778437357154,0.2927457392022864,1.0279608602060475,0.04070260985442422,-0.01434409498647873
1733765072.6909113,0.722609352889074,-0.06687173376326627,0.2957844656435474,1.0041387151788854,0.003652113317083971,0.1572924781926211
1733765072.7165022,0.7529911708861047,-0.06666239550866501,0.2985846798553805,1.0163598331099395,0.007819033084171029,0.048806757073880276
1733765072.7420208,0.7834603984945838,-0.0668753714636984,0.29826259670981975,1.0178653225088095,-0.010213961221555413,-0.041267261694859274
1733765072.768202,0.8153278212934953,-0.06656519181341307,0.2970164623766911,1.0671946698358243,0.013030650704558173,-0.053245857290848075
1733765072.7937956,0.8464366844099448,-0.06651968426186683,0.29562568090891717,1.0191778175072521,4.111418732018776e-05,-0.024367010440943786
1733765072.8196404,0.8764540046426194,-0.06645342229645418,0.29723678562070716,0.9874154940584575,0.0030304378402039667,0.08541584475460827
1733765072.8453157,0.9062355038645111,-0.0656486161798085,0.2964692170432325,0.9980067619164259,0.03846732851882835,-0.10161510786208838
1733765072.8712833,0.9368078303361409,-0.06505146354050335,0.2965695545973388,1.0204393206296603,0.011758995211245784,0.10944464891356095
1733765072.8975642,0.9679732613131018,-0.06508954937733236,0.2984224752349952,1.0365270833962323,0.0041623015112457855,-0.009610468070671825
1733765072.924542,0.9991194331860045,-0.06526412428547362,0.2974896591636968,1.049965864541215,-0.006647895431617815,-0.03790696488604591
1733765072.9501095,1.0290799762723337,-0.06522829364969171,0.30022131939948377,0.9618931864320326,0.012001428025062315,0.16312023689484895
1733765072.9757204,1.058149108091415,-0.06461705820255725,0.30288388238782715,0.9718868190704557,0.0259396997013454,0.03432763173414859
1733765073.0019882,1.087732564620858,-0.06399338658103776,0.30333796793289036,0.9960344670293033,0.028066393102379877,0.02204572006226644
1733765073.0275047,1.118727800164546,-0.06240026114088477,0.304307206708425,1.0436969400026466,0.06294405860031245,0.02204740436095749
1733765073.0537732,1.1498897005304782,-0.06047227057901586,0.3031900477930332,1.0403393207415423,0.0702943102463855,-0.06569428947519103
1733765073.0789914,1.1799773200640131,-0.05858211050328059,0.3037452845255491,0.9797118997394105,0.05430257322737294,0.04785451698276837
1733765073.1059036,1.2090221452893521,-0.056816702626875354,0.30169159743888097,0.958076887741588,0.05884191308605595,-0.15380165976648852
1733765073.1322474,1.2386097834025067,-0.05575271173012138,0.30044660179500426,1.0000865942213222,0.021560115026593243,0.06677871290422159
1733765073.1583104,1.2695768126705327,-0.055777184287654116,0.30258368062800267,1.0405986571944446,0.0037056710529061497,0.04673350155261918
1733765073.1843085,1.299926496459452,-0.055589951990405215,0.30226191702349525,1.0106352769465692,0.009862515805188047,-0.0339782891415955
1733765073.2101994,1.329711164247944,-0.055503264733065764,0.30275521032660824,0.9698159030784038,0.004396465762000731,0.03619931319719787
1733765073.236807,1.359056162118369,-0.05515822430687784,0.30182265547574333,0.9825263400751123,0.015616608933606689,-0.07898426020369752
1733765073.2626414,1.388413358909643,-0.054585803834050615,0.29853679287568585,0.977991873149935,0.026656109687632448,-0.11418398944441888
1733765073.2892733,1.4191139846259206,-0.05341701142414532,0.29743017421950474,1.040533208560108,0.042405301880291194,0.00847809272449231
1733765073.314912,1.4503124764029374,-0.05181761960335854,0.29522595848450944,1.043281855519556,0.065753979877939,-0.12658389588499644
1733765073.3425894,1.480448988406721,-0.05006458121066239,0.29674544321924584,0.9832328730530854,0.047252716495999325,0.15786613708566338
1733765073.3693187,1.5095241224207936,-0.048599882027538614,0.29770679321638377,0.95608077289083,0.04743178467248712,-0.06450260073865348
1733765073.3949435,1.5388255207282873,-0.04764518826097921,0.2956680537664729,0.9845286787111757,0.024647358830096205,-0.053721937690335994
1733765073.4211326,1.5696092878789192,-0.04776099343684597,0.2952560257983894,1.0392862818136215,-0.004896433728664653,-0.004916006053394202
1733765073.447107,1.6001529570294597,-0.04805823722942058,0.2955914294393663,1.0225882271089226,-0.011436367589099685,0.03132767674319944
1733765073.4739993,1.6299259442810807,-0.0487186627817448,0.2983891051643064,0.9599033764454282,-0.0255670663790199,0.1225095307714342
1733765073.5003939,1.658496257391684,-0.049421146527362556,0.29764979998161667,0.9441549720907894,-0.022724154725190977,-0.13895303318274954
1733765073.5257635,1.6865635439459228,-0.0504873066106301,0.2952628776155129,0.9309494806625098,-0.03962722567391573,-0.005181541552032742
1733765073.5526357,1.7151015213349552,-0.05165953205918986,0.2952483434753798,0.9562739573555565,-0.04362736105752537,-0.016066639572003417
1733765073.5792642,1.74420578471282,-0.052584107024493336,0.2921748637271781,0.9852761624813421,-0.026797163944953382,-0.16473719001520726
1733765073.605872,1.7730671981642216,-0.053135472940272904,0.29352225953695327,0.9547304450280768,-0.011942556835744552,0.17976305320154107
1733765073.632622,1.801595596024963,-0.05300757838829525,0.2946938272665263,0.9465863567059157,0.013102912131137522,-0.06873423037107752
1733765073.659032,1.8308767421796128,-0.052886587377722366,0.29226791471928754,0.9858118616141358,0.004126446249905117,-0.06635825602477338
1733765073.6852999,1.8613934898395588,-0.053485005703067835,0.29212159111035485,1.0203651086676193,-0.01573759405856637,0.018695834012333976
1733765073.710903,1.8919107823967276,-0.05387739356089105,0.2920769662073455,1.0251910170350844,-0.012172452060032705,-0.00835016832862122
1733765073.73747,1.9219977294224526,-0.05446968729238763,0.29379775249134404,0.9904121638077114,-0.023459213149106716,0.0773582623411286
1733765073.763604,1.9516613939353065,-0.055169944513623136,0.29291057224258227,0.9853769408753592,-0.023269633163031597,-0.10819508015963801
1733765073.7904422,1.9812537911608983,-0.0560791335627775,0.2931460836390935,0.9875922729940367,-0.031029332461335424,0.1280895416369691
1733765073.8168302,2.0118233174556552,-0.05655643727067724,0.29759022917169214,1.019943534974789,-0.01679523737716799,0.13357243465846597
1733765073.8428233,2.042476171448956,-0.05706704985232089,0.2987057161681802,1.0300667806183568,-0.014169770652494609,-0.046026407873965294
1733765073.8685048,2.0724629853051844,-0.05706709029103338,0.299808219508,0.9831207420882834,0.009306052917725323,0.06710504524511718
1733765073.894257,2.1016461981004393,-0.056444650340272906,0.2984899463425229,0.9642228168694662,0.02648138159293952,-0.12179906897874514
1733765073.920236,2.13153578227847,-0.05585700575724056,0.29624385718894525,1.0075873020810364,0.018853654071236993,-0.012909788747880742
1733765073.9461772,2.1621760781737596,-0.0559165868682828,0.29747318134747136,1.0157718793540917,0.004355232152276076,0.05342953599010108
1733765073.9722714,2.192357697400458,-0.055723372628455475,0.2962890626740381,1.010442514669455,0.009890027571029239,-0.0963085908965922
1733765073.9984226,2.2220478467583726,-0.05615974972701808,0.298293423656404,0.9774337116441169,-0.027523552643463418,0.1680754613364801
1733765074.0251408,2.2513064365292093,-0.05683477335185643,0.3004761679580405,0.9705643338247537,-0.01945341048082,0.00017125849739118616
1733765074.0517504,2.2801094940331965,-0.05775939455823654,0.3006011535052793,0.95524790838832,-0.03315578580466727,0.030072549483883805
1733765074.0774498,2.310250856674836,-0.058255514944896676,0.3021285497207336,1.0102739275763473,-0.021992336569564664,0.05472694009535377
1733765074.1045525,2.340560148570928,-0.05894099137173839,0.3016329314037739,1.016123812841885,-0.02151519708679809,-0.07977915447017823
1733765074.1308663,2.3703296725137797,-0.05900215530520388,0.3011774016565248,0.9823230108797613,0.013031640512645533,-0.001449379147746189
1733765074.157045,2.399532447437362,-0.058170788859252524,0.3002187852031898,0.9664765552238471,0.035571397182351736,-0.04386621850547302
1733765074.1826136,2.429270554864121,-0.05712234978382888,0.2974228513093317,0.996359722532447,0.03988880387198391,-0.1113165489249975
1733765074.2087235,2.459485188548956,-0.05659138963201021,0.2973593880582726,0.9977803286319331,0.024529437190086094,0.05994690951715721
1733765074.2345073,2.4893600937222,-0.05583001363570199,0.2972949430173512,1.0022579669683926,0.03204534503567218,-0.05006601530418506
1733765074.260506,2.519864218888994,-0.055978741812189495,0.2969519867322188,1.0363106042614267,-0.03195527108499384,-0.01466754960141925
1733765074.2860231,2.5509019725722863,-0.05694075646612323,0.29429206496783383,1.0297036692577797,-0.031987157921243826,-0.13907541959680264
1733765074.3118584,2.5818547246184114,-0.05834200159724156,0.29659414111823507,1.0385425057264626,-0.053833353079578566,0.26567893333640896
1733765074.3399463,2.614384886818788,-0.05907236118091734,0.3029462580822768,1.0823081013205778,-0.02786601674747599,0.1537553219629023
1733765074.366362,2.6458531094642526,-0.06009805660407199,0.30302656952392804,1.0468930894701065,-0.04269429334641068,-0.1142925026589474
1733765074.3924186,2.6758397113042576,-0.060306342022669775,0.3015897825495789,0.9484292952982473,0.01614526566982872,-0.014227729961710128
1733765074.4181652,2.7043633154825306,-0.05925671960605196,0.29780946829193916,0.9526800165372965,0.04731266645366944,-0.20649274326371456
1733765074.4436715,2.7335942597747036,-0.05768945105453259,0.2932380721277624,0.9792537293165935,0.06530783442313429,-0.08252560108735504
1733765074.4697928,2.7633962088837922,-0.05580338774409214,0.2949885170686452,0.9976145867388468,0.0739167569184197,0.14305813367111347
1733765074.4951525,2.7935753571380952,-0.05371268787238516,0.2966778110036001,1.0219246251687564,0.06221757049315732,-0.018324134693889348
1733765074.5208473,2.822876789541276,-0.05351698111451346,0.2992920034468452,0.9477439920226786,-0.031038108921834978,0.1348909270354314
1733765074.5467095,2.8513659158666766,-0.05478981657116087,0.29999530121184903,0.9453559486738479,-0.05621126248970246,-0.058144761933073975
1733765074.5726254,2.879253709816991,-0.0571401169740943,0.29779100385728674,0.9246168256319451,-0.08810150047993298,-0.07424628800002703
1733765074.597996,2.9088982705848703,-0.058993309619635614,0.2979685906863672,0.9928107438001735,-0.06724464057148856,0.06993639890394426
1733765074.6243355,2.938441015291433,-0.06122623275539526,0.2966636812755333,0.9888059429520653,-0.08179331056040653,-0.1111298651642439
1733765074.650167,2.9676035589286784,-0.06206268485934109,0.29876369433065736,0.969304824229187,0.014896363261262754,0.17627165666429614
1733765074.6760547,2.9970298628966745,-0.06124262343342837,0.3018807302686161,0.9880495260995539,0.03287881540789994,0.05644913004750016
1733765074.7016258,3.027026502798265,-0.06059138792096772,0.30275415224178936,0.9948485497528493,0.01723269224463856,0.02900825623843834
1733765074.7272255,3.0573422822971312,-0.06079086241881628,0.30250793032752776,1.00595355123889,-0.010238509030123558,-0.0536447604748617
1733765074.7532253,3.0878718414748643,-0.06104138368299651,0.3007829283500319,1.0311689467047105,-0.008120735402311553,-0.046914243888800215
1733765074.7786903,3.1182996719265823,-0.06113866005982027,0.30237879684995295,1.013758408036494,-0.0069638328208183435,0.09074573345396315
1733765074.8046918,3.1485782095748833,-0.06161696653902111,0.30087573768881226,1.0022698469226918,-0.01899304780623353,-0.15574554334075988
1733765074.8312693,3.177963974896446,-0.06220405026565069,0.29922111403547513,0.9632334527614884,-0.012968912244381632,0.0416228075129953
1733765074.8579376,3.208837776529083,-0.06171331575704288,0.29863254418710833,1.03360653274674,0.01621584781159813,-0.07332690816934881
1733765074.884726,3.2396667923392424,-0.061461007585672384,0.29671993992665713,1.0238808763514136,0.009579629702624902,-0.04806475833500893
1733765074.9108453,3.26996175739345,-0.06128395307110885,0.30052440961994087,1.0127308693900565,0.008726406620638772,0.22894618450526022
1733765074.9377656,3.30001570395011,-0.060642613878006374,0.30274848533064513,0.992155279781806,0.02535667374502104,-0.03965249805383829
1733765074.9635668,3.3302054264058465,-0.06007878033426386,0.3005669700226746,1.0049874640177405,0.018993642421286427,-0.07401083883361752
1733765074.9897876,3.3609052494492264,-0.059918109364500025,0.29875409235929884,1.0153339813105828,0.012125786739360453,-0.07151082194206348
1733765075.015523,3.391344832984643,-0.059648810295710515,0.29856468494974425,1.0231365083604655,0.011974482083745408,0.05926687772605726
1733765075.0421634,3.4222205735789935,-0.05981589242713805,0.3018037194619028,1.042308861780866,-0.019868325914644776,0.1094466129956895
1733765075.0679667,3.453186253726424,-0.06036477955334105,0.3027799843530099,1.0212349127655171,-0.016419865021658316,-0.018617457127612543
1733765075.0940926,3.4836650165486494,-0.061317017855493684,0.30311014821179344,1.0108859166175754,-0.04006087277081616,0.050495499731309804
1733765075.12135,3.515235625842912,-0.06169511123103582,0.30305146293815577,1.041248700082768,-0.014028434887936158,-0.046895807298134556
1733765075.1477065,3.5460492288361105,-0.06233558745130758,0.3000977293621881,1.0218064203466501,-0.021709439432478533,-0.12746490560149512
1733765075.17432,3.575795947535688,-0.06187092070421224,0.30087150423971504,0.9726473438249836,0.04046876964862253,0.11682167272510426
1733765075.20066,3.6051461540718037,-0.06047322875756364,0.3022185046833641,0.98237102908668,0.047200681250596475,-0.002699546085347621
1733765075.2264807,3.635275929334289,-0.0594757662928615,0.3001456683226047,1.0079439201800835,0.027675675445731608,-0.09964044132238377
1733765075.253163,3.6659269443526057,-0.059455543960311566,0.29831063077571607,1.017514871497531,0.0002684596121902026,-0.05589820185604193
1733765075.2788093,3.6966892143639742,-0.05946358231023433,0.29901447113692603,1.0423982766169608,0.0004898758787266217,0.09224885833370419
1733765075.3063462,3.726931386944686,-0.05890041233567783,0.3036462775251833,0.9876784390289906,0.031925651096653296,0.16722468409895522
1733765075.3335924,3.7566518855761935,-0.057746694357164896,0.30475374699744207,0.9904266846650753,0.044293825538262825,-0.06281388014425528
1733765075.3602653,3.7863074418679945,-0.056498110089516815,0.3031968131463517,0.9863678182756126,0.05117418826950632,-0.024664558573464338
1733765075.3875406,3.8170096660165846,-0.0542505541199244,0.30127347336519433,1.031055945270788,0.08487962214193304,-0.10856537776032005
1733765075.4139974,3.848078533613007,-0.05173955001334451,0.2975646321710747,1.0391512736374149,0.08525191768208533,-0.1078170812966256
1733765075.440953,3.878766474964241,-0.050080966267139725,0.2990457372934712,1.018999506693725,0.036210928202544644,0.13663415452869335
1733765075.4667828,3.9087882065661916,-0.048963300841937715,0.30103474585914686,0.9834570181005947,0.03466050514032655,0.01601012530894202
1733765075.492793,3.9384880133601876,-0.04791691520045901,0.29879752298067813,0.9905287626255738,0.0376934932010216,-0.12764825826358475
1733765075.5184333,3.9688972174090384,-0.04753596787562523,0.29762501307810096,1.0116951791518276,0.013653440063317068,0.012807951099716138
1733765075.5442514,3.9994883492790745,-0.04736774677336214,0.29832558957325395,1.0329068224411582,0.005801294159368095,0.031452312635791846
1733765075.5710886,4.029199560176204,-0.04730408172713135,0.3018310075575813,0.9579604596626561,0.007555156183073361,0.15450882984723233
1733765075.5983005,4.057634796269279,-0.04649632643440753,0.3043351014955521,0.9372911840031705,0.04042442194588415,0.031727897006625656
1733765075.6254501,4.085538837167161,-0.0452086527402646,0.3034504946381084,0.9229138067675524,0.049985773524570815,-0.059631419182937725
1733765075.6516082,4.114240266553003,-0.04348133553809493,0.3002161539811281,0.9606096337812634,0.06427367710055383,-0.15203674401271713
1733765075.6772242,4.143341961031563,-0.04144282545292632,0.29713537671083967,0.9832238604195955,0.07205290140316674,-0.06330014857788831
1733765075.7037463,4.172506438338944,-0.03979661767128591,0.29811731037437256,0.9706012700216213,0.04432116008779642,0.07179927339151526
1733765075.7300115,4.201393455866656,-0.03818165432704794,0.298738692246841,0.9557543912986647,0.05830920147567344,-0.012366123398105541
1733765075.7578046,4.230253295109434,-0.03648755105749615,0.29579369624245533,0.9611651217858534,0.057359041341825595,-0.14629761058220897
1733765075.784366,4.259940171052074,-0.03580072623986625,0.2941438146813731,0.997946238836518,0.021730604408601664,-0.011282226558023014
1733765075.810655,4.290224894298251,-0.03532822714707391,0.29364992155359104,1.0235436624500756,0.0158679500951448,-0.03279532332261526
1733765075.83751,4.320597451011195,-0.03664784291801402,0.2962576968560004,1.0060794883891526,-0.08653979811972971,0.15806868144273023
1733765075.8635013,4.350365254575145,-0.03965438619708103,0.29654327029286776,0.9782056314801788,-0.11493249889892378,-0.10393388339206835
1733765075.890145,4.379326564555979,-0.04426505674867766,0.29630285369103926,0.9512237736402912,-0.1889914298875586,0.09712633505564705
1733765075.9168837,4.407670125010136,-0.049895736546823714,0.29827337508368046,0.9290328360727715,-0.20381455327464698,0.0008254853179630946
1733765075.9430695,4.436743373207458,-0.05670323673929833,0.2952676571823438,0.9807434487393247,-0.2456688547551733,-0.14624297573777195
1733765075.9685855,4.464525784928952,-0.06108160360588036,0.29444560075776033,0.8961233680200601,-0.0730422847531216,0.029457543380252412
1733765075.9942284,4.491744105662988,-0.06225335687185394,0.29480923050102353,0.917532401930128,-0.01587061574106234,0.00859627901698654
1733765076.021443,4.520342722062716,-0.062873880691845,0.29323063935517724,0.9703878970391495,-0.018105422851008336,-0.08201722222600741
1733765076.0482187,4.550482982787632,-0.06346143528444907,0.29187060101585016,1.0187544768970522,-0.0116330027438333,-0.03326419321419245
1733765076.074619,4.581473831265912,-0.06395423368455343,0.2898275465274984,1.0469469961563627,-0.013128922680620622,-0.0965676345856862
1733765076.1008086,4.611509387777505,-0.06363073763514397,0.2926867879847515,0.9807164479842088,0.025211553874682102,0.20916730171759557
1733765076.1278615,4.64087009961706,-0.06325152093744073,0.29457962256519177,0.9744167892478157,0.008183466585450017,-0.051520333050206535
1733765076.1545208,4.670367557860639,-0.06301842537251214,0.29401787792698986,0.9894640665068399,0.019649445338142647,0.02907853230384249
1733765076.180465,4.701432015864949,-0.061669147167195314,0.2956809516866596,1.0438671094970555,0.04820742837902422,0.060661547317558476
1733765076.2074614,4.732986930982807,-0.06025334656993137,0.2955251462455527,1.0608573209785492,0.050484684387591156,-0.048492940914732746
1733765076.233612,4.763595646365216,-0.05920798703449134,0.29836653557811843,0.9946538222063714,0.022960845009155875,0.1744502784698808
1733765076.2603493,4.7930119749848545,-0.05862662911823362,0.3015995139548448,0.9686785904065801,0.015031579411316488,0.062711554683081
1733765076.2878292,4.822347230029595,-0.0583342548207248,0.30301910049048303,0.9760348149077334,0.007519332456852397,0.05544982502120737
1733765076.3142095,4.852347998696959,-0.05848942526361436,0.3053840341051821,1.0012956502973764,-0.001360345344972854,0.07864868036410776
1733765076.3416512,4.882172264904637,-0.05876584962505812,0.3049611185962513,1.002477388636344,-0.010645838374950969,-0.06618883988718223
1733765076.3676062,4.912546993804008,-0.05877495511563625,0.3035024029223326,1.025800025853043,0.011333016114513038,-0.06896290277857882
1733765076.3933682,4.944030897648401,-0.05806479754396283,0.2989723487672577,1.0662926404414697,0.03559487773552195,-0.20673053849432518
1733765076.4194367,4.976515110492978,-0.05626409697518667,0.29795219579306104,1.0964024791329308,0.07937871092421878,0.11958364520492332
1733765076.4452493,5.011340880642131,-0.052794443952769644,0.30094054014520266,1.1715069669199383,0.13276741501645703,0.07062680025201197
1733765076.4713073,5.044931495969152,-0.04887927664954109,0.2989126909905583,1.1126202172918536,0.14547588088208976,-0.19401757535372555
1733765076.497187,5.077247380404922,-0.045448276759378084,0.2984797798464039,1.0313583888989866,0.0790732058208817,0.1181467082661459
1733765076.524397,5.107077322152014,-0.043708339101519736,0.2986186988712762,0.9642450446540278,0.04003009196069548,-0.08731637411767584
1733765076.5512056,5.136464520946873,-0.04259481525326364,0.29671889594190204,0.9921943410475603,0.03136215016475833,-0.019015853198866242
1733765076.577474,5.167108785462896,-0.042322755121585225,0.2982043258688438,1.0309909293841153,0.0052612580501091985,0.0760568576631958
1733765076.6047468,5.1976344673505785,-0.042334381983391504,0.2985864804349604,1.0275363297147269,-0.0024072919543062727,-0.03488393580737812
1733765076.6308079,5.2277286721752505,-0.042678389103157806,0.30098466484756325,0.975892308793888,-0.006878229028754204,0.15232911233804267
1733765076.657833,5.257697378391389,-0.04247641179074684,0.3008115389033552,1.0128565484111431,0.014868818080598896,-0.13043714831311004
1733765076.6847384,5.288387127323373,-0.04207099085378559,0.2980021172199035,1.0356267044355656,0.016824267008759337,-0.042083482983097005
1733765076.7107756,5.321069487319893,-0.04057079591915399,0.29543392729338624,1.0976000950082627,0.060914686441563684,-0.13714954091863157
1733765076.7376997,5.35234757192022,-0.039146431201550806,0.29411838176492755,1.0149512532668183,0.04886605267608131,0.0644309883588707
1733765076.7636268,5.382660694795932,-0.0372250231493508,0.2982539839989447,1.0018450988228238,0.06434597061516678,0.16779922595169458
1733765076.790324,5.412279046888476,-0.03553824435400205,0.2999559190704028,0.9744644135114365,0.04802489071971767,-0.028444871676822105
1733765076.8186448,5.441772093806338,-0.034518897220647035,0.2998681791041109,0.9856525229528355,0.029394412141268207,0.034341586580418915
1733765076.845539,5.472029797912905,-0.03419436346680968,0.30013958373156346,1.0131170573560087,0.009126628948685106,-0.031779121027975026
1733765076.8723953,5.502434181411185,-0.03412563036139635,0.2984958393380258,1.0273501269902736,-0.0014342126325212843,-0.07132005216046085
1733765076.8984394,5.53240462575884,-0.03447358737975522,0.30179851528416385,0.9771725829340807,-0.012576973326367884,0.22725805861948722
1733765076.9246252,5.562372359809718,-0.03440788441456135,0.3037057499042104,1.012440388106711,0.011474578833710532,-0.06407960280894817
1733765076.9508655,5.59306526100073,-0.03430431620447139,0.3020083056703202,1.0351557432849963,0.007292979840288329,-0.031461729378255913
1733765076.9763184,5.625755683020586,-0.03296826516019074,0.29969288418492307,1.0979165543477405,0.055400198764036734,-0.1271385794825635
1733765077.0020795,5.657118835172594,-0.03188672280085183,0.29616816204780416,1.018053626115743,0.03432517858599705,-0.08296748739550251
1733765077.0277433,5.687174831448287,-0.030729953299817238,0.29774808819901094,0.9855606972981871,0.03443189368909425,0.13150360533090016
1733765077.053901,5.716631898526131,-0.02949344228238173,0.29753697464432927,0.9787665405030888,0.042225042342210965,-0.11284729096611837
1733765077.0794468,5.746502521142468,-0.028807256941446625,0.29464623103467774,0.9998625214147995,0.015388675912861517,-0.06545395304129904
1733765077.1062207,5.777278274432546,-0.029041253323284607,0.2928169615763328,1.0331977323381747,-0.011010125794702914,-0.08274833392695569
1733765077.1328213,5.808109443231802,-0.02961596361655704,0.2925516563192483,1.0383446561902483,-0.02592881032835608,0.05547261962999818
1733765077.1589994,5.838021469966061,-0.030762638533953467,0.2975085545723463,0.9612314450549785,-0.045245163584968606,0.22768928215920903
1733765077.185448,5.866977130499015,-0.032536507214597735,0.3019157819216857,0.9655682972862565,-0.07117360436457186,0.08648553883923274
1733765077.2114024,5.895693957212495,-0.03523648214563295,0.3038049033778971,0.9505971136573602,-0.10372386904361236,0.06604529049085799
1733765077.23809,5.9250591102627,-0.03837854626860711,0.30607533464098036,0.9758026858434946,-0.11680303866693813,0.07382942300870017
1733765077.2638664,5.9541201473510466,-0.04134006258791121,0.3053055907142609,0.9672111393008153,-0.09437841992669815,-0.08188001213817009
1733765077.2902198,5.9827539412291975,-0.04268171365935578,0.3054307864199221,0.9560125399489863,-0.003579336720702728,0.03564325767547089
1733765077.3165758,6.011818643054237,-0.04199395466698316,0.30296124210923964,0.9765697542570143,0.04115628216664054,-0.16677663738077222
1733765077.3446019,6.041437766772791,-0.04083938330919324,0.3001700974081995,0.9839280800419524,0.04401488632425094,-0.008645714739101312
1733765077.3711874,6.07126974866847,-0.03979855913700681,0.29979076031724533,0.9863001085283156,0.039475868114040115,-0.036053660142180706
1733765077.3974173,6.1008396214288405,-0.03900097870774263,0.2993198218601285,0.9876414343600782,0.032561667410971704,0.0005049668850826351
1733765077.4236686,6.130425079289052,-0.038434733528484574,0.30175776362385415,0.9975386411916269,0.0006024404502330056,0.11270331912133459
1733765077.4503448,6.1602551071269085,-0.03885421535107388,0.3029200203076062,0.9898258990631613,-0.02180591012186371,-0.010531466889370423
1733765077.4767532,6.189513876256323,-0.039961860724143684,0.3009026369528085,0.9638294439438475,-0.04176196379877381,-0.09901179816419406
1733765077.5035555,6.220024190120906,-0.04048548729138885,0.2988346305602426,1.0132204994635627,-0.025159664553792732,-0.0455635449429936
1733765077.529108,6.250278038260032,-0.041414070518349395,0.2973026112106659,1.0088038382727615,-0.035764946244936445,-0.055683944244102966
1733765077.55553,6.280246689254929,-0.04194191457750505,0.2992975973725227,1.0025654984881862,0.0024828657064316383,0.12394281060901907
1733765077.5819364,6.310004652891146,-0.04136076708131594,0.3011931240194789,0.9825515358283917,0.025646497620688536,0.027459165876583414
1733765077.6080055,6.33998027850881,-0.040820278250545704,0.3007266928323526,0.9991744497330862,0.0175487007235748,-0.028386719721461028
1733765077.6337726,6.370552330672727,-0.04084339142278931,0.3011846057129766,1.0113855055889283,0.004779707922280329,0.03111450217049748
1733765077.6594121,6.400840847606921,-0.040563972212560764,0.29949056821024234,1.0143057531043507,0.012427282718100438,-0.10822996583382172
1733765077.6848326,6.430604253668092,-0.04050757178993504,0.29864913967073525,0.9867667017693619,-0.005129749194156547,-0.004148843336173314
1733765077.7112975,6.460623003122817,-0.04072395555315696,0.296981697908572,1.0094659466161813,-0.006999454834792989,-0.09054180172338865
1733765077.7370162,6.491109828780192,-0.04090194223550098,0.2954217841164467,1.0264310824661615,0.0022439785377187534,-0.003800464248260066
1733765077.7627645,6.523782329360171,-0.03973807765720738,0.2962360240504861,1.1011602335031996,0.0389585576738569,0.03255433188631348
1733765077.789219,6.555717933576744,-0.03902480713059143,0.29501853799326727,1.0462330680048832,0.01957671540712539,-0.08326747005007251
1733765077.8149993,6.586021401642869,-0.03843476371122877,0.29513554273911435,0.9773877451548014,0.01661546742878095,0.04884337575284453
1733765077.8417406,6.614997451484131,-0.03766413195841876,0.29561784351729725,0.9580978610262927,0.030131647485223147,0.0008019961351109781
1733765077.8678193,6.643971834407131,-0.03688809014892735,0.2945786812851945,0.9636044111087749,0.024281740492138475,-0.041366000693128686
1733765077.8935266,6.6735770653512265,-0.036565747212952734,0.29599653477028826,0.9876639268841716,0.017489553078887665,0.09715943418888878
1733765077.9192073,6.703355384018456,-0.03612025345033381,0.29958832719168144,1.0066235472943295,0.013345442576812326,0.12719760065154467
1733765077.9447918,6.7329620344274215,-0.036163486681007564,0.30426252460287345,0.9763909058018178,-0.008522640014821281,0.14530856151710875
1733765077.9714618,6.762450456449115,-0.03645325501792601,0.3053946575911116,0.9847375319027263,-0.012151361165545485,-0.04144662942164164
1733765077.9977298,6.79192480876605,-0.03692234491875326,0.3043814375407216,0.9838244090877253,-0.0141192823847405,-0.01234127437530192
1733765078.0243948,6.823202720207701,-0.036639437193429214,0.30189932946022036,1.0515947456758388,0.0014298614359259296,-0.14661802031350066
1733765078.0503185,6.854367752158536,-0.03688211110667474,0.2965002834827696,1.0360485458848665,-0.01346966322270733,-0.16921455928289486
1733765078.076836,6.8848414297077865,-0.03678718028146076,0.2969349461687613,1.0079061132176856,0.01562969121091815,0.1304475094337983
1733765078.1032283,6.914618413996503,-0.03619353727190355,0.2993051521263261,0.9809837589811049,0.020106625067314983,0.04487156308160539
1733765078.1294506,6.944349010871895,-0.035588819781443536,0.3002872145388946,0.99150139550057,0.021830629105885287,0.042032749614016506
1733765078.1566474,6.974492087817055,-0.03564775279295215,0.30016499339687036,0.9934392209494671,-0.003863700672445963,-0.05243103922728306
1733765078.1828325,7.004237428874905,-0.03592979407566773,0.29807073542393464,0.999069044400925,-0.01507480469643929,-0.07133058034851975
1733765078.208875,7.033516020671407,-0.03572424529492474,0.3004869498502153,0.9681181154536818,0.02092236415329943,0.1625902500543099
1733765078.235592,7.062570403835961,-0.03478983245231106,0.3030351578083228,0.9662114871963554,0.0417120431459564,0.028806643908569084
1733765078.2621374,7.091522963625343,-0.033214718900007566,0.3037440887167455,0.9626273496825049,0.06559812475588547,0.03700285766972085
1733765078.288856,7.121513191200638,-0.03071819535251386,0.30496940304635756,1.0057171181274527,0.094305757532365,0.03379137856356717
1733765078.315259,7.151882202030429,-0.027609416365813582,0.30217967107852317,1.0227001470383585,0.11316428506011005,-0.1849390951911742
1733765078.3420038,7.1823488278311745,-0.02568267144583831,0.30310181895302246,1.0196719875902054,0.03277205496522555,0.1682084567749117
1733765078.3683925,7.212624345024186,-0.0245450573663085,0.30599613893583333,0.9982023566601429,0.038585490724249126,0.04289175477275575
1733765078.39439,7.242547551408365,-0.02337109339081142,0.30672566845622423,0.9931518640515993,0.04140684138360073,0.028589677546429538
1733765078.4210904,7.272731922244745,-0.022709283938375922,0.307843154460014,0.9968328851046848,0.027325492732379275,0.02042823235090256
1733765078.447067,7.302698352637227,-0.02182749625176179,0.30715608296396113,1.009556221193212,0.033173963763466256,-0.04524548630665458
1733765078.4737713,7.332251578833163,-0.02108462852656724,0.30514433920340084,0.9674181946574876,0.027011941686211453,-0.12119012346155664
1733765078.5000432,7.361426871199279,-0.020037918772362696,0.299738293430073,0.9737642488385762,0.04058710589330662,-0.22024098876933132
1733765078.525812,7.39087067052694,-0.018806209113961348,0.2961433491669876,0.9877685170939813,0.03767586624615122,-0.01522876125554409
1733765078.5526597,7.421598058233285,-0.017601844612282168,0.29526516543911924,1.0317925743129468,0.041986146615325466,-0.05475503146973244
1733765078.5787048,7.452437216801969,-0.016222643941116898,0.29260542984546833,1.0322456776474602,0.050119890122811005,-0.11111441521879867
1733765078.6050794,7.482900836195291,-0.015566510629503516,0.2957411931120667,1.0109451859593923,0.0007402039716400054,0.24239817446576697
1733765078.6311536,7.512994159097962,-0.015191390621270125,0.30057166708112276,0.9957137918526443,0.018579712234725515,0.10135016569430697
1733765078.6579227,7.542647241924313,-0.014573714786287975,0.30271785495605646,0.9774461064050838,0.022605728664940053,0.06909323778138231
1733765078.6837375,7.572685962136673,-0.014430341929559823,0.3035632531588326,0.992705409329594,0.013977130552668627,-0.028665941929779726
1733765078.7107906,7.6027202747013405,-0.01417810023476751,0.3016840535653539,1.0142279088915964,0.007849726829199006,-0.07275293450819242
1733765078.7378254,7.63250192225992,-0.014249553967981447,0.30119612483781344,0.9797881869683337,-0.0018563787170362141,-0.007265170501213286
1733765078.764526,7.662031038627382,-0.01384438309853906,0.29758537544755403,0.985425616036362,0.02407193309691776,-0.2054056699486086
1733765078.7907178,7.691931632132492,-0.013175895993821404,0.29511781915561,1.0044607185950258,0.02002347432052952,0.0421837963528336
1733765078.8183892,7.72302171695573,-0.012387716550629835,0.2952945808179225,1.041112170569075,0.031117977189247803,-0.04506389632570467
1733765078.8442867,7.75395342322037,-0.011255450728914746,0.29273517444418284,1.0311008989306718,0.042819284039028384,-0.10535439880780191
1733765078.8707526,7.784264420994297,-0.010463401863990985,0.29599329888953196,1.0008028016869235,0.012748048836457249,0.24762225872989474
1733765078.897694,7.813932217009512,-0.009637954127785116,0.29830723581828417,0.978785531882126,0.034937069860912,-0.054536082949789094
1733765078.9242964,7.84339189371967,-0.008605121257305406,0.2941791294304148,0.9770905641749441,0.03574983503892168,-0.17872784012482276
1733765078.950564,7.87362014291936,-0.008410069621485388,0.29246253014961127,1.0111605689390306,0.005917924619611405,0.014912799650051455
1733765078.9762316,7.904298316953274,-0.008514668057298105,0.2915990791001238,1.0362640164869072,-0.002474705131307382,-0.06723702786490683
1733765079.0019085,7.934500897804003,-0.009369333665460198,0.2938726808946964,0.9875679486702262,-0.041140386054071776,0.16206786188043382
1733765079.0277002,7.964096240584144,-0.010352292820362033,0.29611639011039276,0.9831512375223699,-0.029051106544884252,0.010273060012590677
1733765079.054574,7.993378805574202,-0.01156441111099225,0.2939833389171616,0.9733520066440363,-0.04576213467805768,-0.11106273055172095
1733765079.0802975,8.024205123229772,-0.012654102002008795,0.2920150011946568,1.0359713481405384,-0.04308052841844996,-0.038820113223820334
1733765079.1070807,8.055141133252704,-0.01399944084033589,0.2901424559284488,1.0336741860119412,-0.04656661159700354,-0.08173871276320267
1733765079.13327,8.085722581253211,-0.014348056761429407,0.2912633376942474,1.0159430539012333,0.01503474636688574,0.10177481905968212
1733765079.1592,8.115688420902746,-0.013678469368559642,0.2925292577105686,0.9853149717134333,0.022259440095591995,0.006123005969804791
1733765079.1846778,8.145765313020059,-0.013255673214003973,0.2944017458930469,1.0044196955289106,0.013949968695527563,0.12733604716870242
1733765079.2111375,8.17622300855997,-0.013236787446692305,0.29681143496639645,1.0018179799210278,0.007121114783403229,0.02349824763080245
1733765079.2375135,8.206064083901744,-0.012940758269669998,0.29723382252047714,0.9999418498171813,0.012267548025304626,0.020254360778482364
1733765079.2631707,8.235610194555996,-0.012857521717135466,0.2977024543239767,0.980038713704245,-0.0038095200539125535,-0.026553898264163767
1733765079.2900243,8.265170271615316,-0.013061792746966151,0.2961170649083579,0.9879348277142085,-0.007927672628319216,-0.0632463009205612
1733765079.3162432,8.294729554023393,-0.013441513280493414,0.2925754368454051,0.9836940587340892,-0.011512175294952758,-0.14346528861738309
1733765079.3431983,8.325948871270407,-0.012927093267474597,0.28868015319613816,1.0482936747462872,0.015459350964925019,-0.1300873407547167
1733765079.3696399,8.356832642330032,-0.01272560256320231,0.2865151870711477,1.0200232284836643,0.00889432223487399,-0.009723446628765928
1733765079.3965347,8.387047097073985,-0.012167004284518534,0.2886942066251413,1.0006225617421918,0.02333608151605532,0.10879135977393077
1733765079.423354,8.416601014581534,-0.011404383249608435,0.2898672680709346,0.9736990235136566,0.02281985570840085,-0.006788802082558154
1733765079.4496317,8.446371754243719,-0.010892907639126082,0.2914692320201268,0.9970666703977651,0.01686939911209035,0.12251458127201674
1733765079.4755588,8.476797644015626,-0.01081730233346582,0.2939207759785902,1.0065047308439101,0.007822918272478049,0.02601613118853337
1733765079.5016828,8.5067645105925,-0.010733494542055964,0.2934397269419656,1.0060618683018934,0.0010096463763448035,-0.03474407556730918
1733765079.5273104,8.537288949454709,-0.011033540773191823,0.29610527461119796,1.0331349637027138,-0.01335119239317958,0.15641099491924546
1733765079.5536926,8.568741531150193,-0.010953660046474925,0.29701087948810906,1.0574122241448516,0.015142042510145882,-0.06377675643953579
1733765079.579328,8.600350913456937,-0.01050331221768438,0.2973228145078321,1.0550275611361113,0.0224864844249776,0.08191777571118501
1733765079.6061292,8.634117511437053,-0.008593665766357034,0.2969845034649901,1.1316854543931776,0.07434638874981926,-0.08844715502570237
1733765079.6327028,8.666468101761119,-0.006911448437870731,0.29317897814108557,1.0495915730622032,0.059883554052423835,-0.1521222057963962
1733765079.6589966,8.697163056167508,-0.005391293969669824,0.2950433176253114,0.9935504161530417,0.03483944190442993,0.22235401652651307
1733765079.6857858,8.726967241525351,-0.004331020404483303,0.29921925770990326,0.9943133158480285,0.031086110036946182,0.0748782312830729
1733765079.7121234,8.757187922100336,-0.003580013071452565,0.30138250844255493,1.0126992484539987,0.022970451133787904,0.09015213242655748
1733765079.7387176,8.788049296081606,-0.003587971738659032,0.3041129727853315,1.02383908039535,-0.00493702281654891,0.07104541822534188
1733765079.7643538,8.818664829964737,-0.003809730912938431,0.3025618599805698,1.0297104030871715,-0.009105280598719664,-0.13474991923593824
1733765079.7905881,8.848150803914285,-0.003953609658248556,0.301745611366429,0.946012746037484,0.0038109918477345836,0.024313015265984447
1733765079.8170807,8.876890205551845,-0.003791367512656143,0.30139514357591585,0.9649614543860114,0.0040597550355401316,-0.031526168108401975
1733765079.8435774,8.906016261993221,-0.0039147108679375466,0.29857859334835424,0.9720828470321808,-0.0027632641946250176,-0.12736601155824556
1733765079.8697116,8.936653169337665,-0.0032291652456688884,0.29563864183847355,1.028790469070717,0.030096482772697334,-0.07965260686437385
1733765079.8956258,8.967091209686139,-0.002437594681224355,0.2955208005759029,1.008348808775263,0.02979329281766858,0.07383415646767139
1733765079.9213638,8.997098746187927,-0.0013976617586772715,0.3002686839740112,1.0037738256539634,0.03710818312035299,0.18745148279213444
1733765079.947107,9.026835114063136,-0.00039980326031959824,0.30371873783552683,0.9802478218257723,0.027139389811251947,0.06510022012866458
1733765079.9735956,9.056459052997631,0.00018770864056472832,0.30476680953845525,0.983945166121293,0.01987409346830768,0.027369284356902432
1733765079.999638,9.086523202512112,0.00045205910235689904,0.30542221034893136,0.998508428735802,0.017130035029769407,-0.008594482173258781
1733765080.0252666,9.11682923975886,0.0008249454843985669,0.3043532761468977,1.0253717620716258,0.014481097470862207,-0.041612443568565874
1733765080.051111,9.146398921467007,-8.193313075239391e-05,0.3063098929732471,0.9580881596380694,-0.05538753311648496,0.11266777061223932
1733765080.0768106,9.174877171980226,-0.0019395299767087121,0.30765309237547833,0.939550430400716,-0.07048329409243938,-0.004455448541473469
1733765080.1024675,9.202604575349842,-0.004520834918602842,0.30722147111476134,0.9115777687113366,-0.09720433878064845,0.0012383338457539414
1733765080.1287913,9.230873892140494,-0.007659691756353577,0.30797209574691514,0.9442091801186928,-0.11728534358493707,0.03272968502977687
1733765080.1558251,9.259181872827895,-0.010828149317352069,0.3052233514043118,0.9509477741306337,-0.10969490318742829,-0.1798354530212444
1733765080.18204,9.286891412764673,-0.012886091849735416,0.3039080106979038,0.9105342140531699,-0.03315454383393184,0.028764928580164283
1733765080.208823,9.314177614695113,-0.013243116032298812,0.3018210811776018,0.9068641887922961,0.001298009165191986,-0.13867856267447987
1733765080.2350712,9.341896023364546,-0.01305152498601039,0.29866615409075803,0.9278066142249272,0.012484554814041293,-0.053034847160693406
1733765080.2612553,9.370599046204589,-0.013082835052248868,0.2985364288608789,0.9586541227601206,0.0059137413398238714,0.016178266610213494
1733765080.2875457,9.399277414166532,-0.012900794211507909,0.2987912551055515,0.9611219995663796,0.009632420942457556,0.004307991089889203
1733765080.313631,9.42801872952607,-0.012323663499230635,0.301620149897703,0.9658679576062382,0.01951545142068831,0.13248140531693403
1733765080.3421438,9.456942599417534,-0.012117531843995572,0.3031613085007946,0.9609866299265276,0.0023172876919070524,-0.005919157814333636
1733765080.369788,9.48560796381587,-0.012164087868117159,0.3026727085585575,0.9496034956645223,-0.001081485080412389,-0.006628431175598668
1733765080.3965209,9.51560428089106,-0.011844289529415119,0.30086344488503575,1.0081988205867431,0.004101049105943863,-0.1064229364081213
1733765080.4239337,9.546234310442994,-0.011558644869118503,0.2976332825502501,1.0353287774095263,0.00873692674802743,-0.10800559682179153
1733765080.4500608,9.576939438858286,-0.011571905760025007,0.2994262341494544,1.0234932991714536,-0.004499567988328418,0.15856833575778628
1733765080.4758735,9.607149478573847,-0.011506115136660906,0.30168506293782016,0.9943090945309868,0.0027462184020416126,0.018036825823346106
1733765080.5018058,9.637148491645648,-0.011369436248460632,0.30191407359112477,0.993697530143719,0.009811206619154243,0.019143345238458193
1733765080.5271642,9.66758770134204,-0.011381263483804771,0.30233224034069606,1.0041874612725343,0.009218384618286017,-0.008469037117090416
1733765080.553288,9.697461425108369,-0.01122660980717226,0.3021233261026369,0.9980107168268127,0.007355010781558821,0.018658297210915456
1733765080.5790915,9.72704409550535,-0.011355477067743648,0.3027689758165489,0.9822431623168618,-0.010868134990805054,-0.012719233789658715
1733765080.606064,9.756423203791499,-0.011777400881577362,0.30140082240318133,0.9758617516508554,-0.014943913970354834,-0.06231550066869411
1733765080.632068,9.785459913142077,-0.012437380307273843,0.2991302605074083,0.960810826654389,-0.025036506320660568,-0.06614046554685378
1733765080.6582358,9.815883095325235,-0.012807354899454062,0.29711117999427944,1.0202563251338923,-0.021452188768338154,-0.06842718456087489
1733765080.6837578,9.84659115989684,-0.013363755062971857,0.2957902138160963,1.0321248276621218,-0.020591633589435294,-0.02273744850050024
1733765080.7096007,9.87730758502567,-0.013550323356854433,0.2999271552650902,1.0284551336917662,0.0061465234733674105,0.23172286410005238
1733765080.7357004,9.90760626830018,-0.013136836164130576,0.30299648946208807,0.9940275946164823,0.015310610240851666,0.006365632993560451
1733765080.7616563,9.93747191562427,-0.0128458879898009,0.30107625224873796,0.9882240224708008,0.010763842547159262,-0.09901650211083035
1733765080.7882426,9.967920339933402,-0.012910252012536058,0.2998452588493601,1.007891584504835,0.006923139268100232,-0.01123877783895484
1733765080.8136692,9.997876566709335,-0.01263676293735,0.29798422964023485,0.9999738319069768,0.01159646379107591,-0.07745081744884637
1733765080.8406727,10.02737889551934,-0.012645567054886103,0.2968073044746078,0.9775002545165058,-0.00834412086446663,-0.0455538543732717
1733765080.8670878,10.05681878806829,-0.013191472630699282,0.29307375574229055,0.9826222427101033,-0.02321424065127926,-0.18023097439217076
1733765080.892963,10.085887775992397,-0.013877420789745375,0.2907635206735022,0.9604962950944593,-0.021507833080502685,0.028583837386531658
1733765080.9193385,10.116151139928544,-0.014212665360044228,0.2921772078469501,1.0127150806178853,-0.019286048685583815,0.05009072254609308
1733765080.945413,10.146531426396884,-0.014788813656896174,0.29389359992488634,1.0198187536704344,-0.022912195024000194,0.05149600019543638
1733765080.9716532,10.177020667066984,-0.015334971941896045,0.29913502356854715,1.0200943448511997,-0.011072891837432647,0.24146015359671272
1733765080.997924,10.20719526120215,-0.015246221391094147,0.3025423046822077,0.9924831360169821,0.008598129741015677,0.0195703720451092
1733765081.0241253,10.236806319406929,-0.01510144389625525,0.3026842163014751,0.9760532726984207,0.006259995064710645,0.014788114607002759
1733765081.050507,10.267048669048064,-0.015312314097963872,0.30207365623802435,1.0052131497983756,0.0009668410143589417,-0.06748229298962921
1733765081.076601,10.297168929391717,-0.015366840483438582,0.300333708836613,1.009565590312167,-0.0015248398034945008,-0.023028179464629088
1733765081.103065,10.327385285925487,-0.015080213322090086,0.3014541021327582,1.0132356820894717,0.0227340846928262,0.04748774498746879
1733765081.129162,10.358082824353913,-0.013946786574247017,0.30002566930371594,1.0298066241841144,0.05297899561133302,-0.1173084432770882
1733765081.155676,10.389076376764512,-0.011756586785014683,0.2987831758348716,1.0345673036521228,0.08932995475360017,0.03732415883731238
1733765081.1818955,10.421730354480722,-0.008508711452638668,0.29792716355280585,1.1044562076228055,0.11941392348275218,-0.09107727090998212
1733765081.2081273,10.454473045104844,-0.004746523215168297,0.2937153251327265,1.0846275838204547,0.1282093325641721,-0.14927073847713518
1733765081.2336898,10.485850060077125,-0.002466297229133465,0.2942941749741497,1.0198792428879149,0.03894023373718201,0.11474886464034474
1733765081.2598052,10.51590213910916,-0.001223245264450651,0.29398318060321255,0.9849581588613501,0.041325447114764435,-0.1057636890667386
1733765081.2854571,10.545493001783992,-0.00011074017846063848,0.2905953398936467,0.9859628642381436,0.03242929916841143,-0.09461531790791151
1733765081.3115711,10.576140209749749,7.160341148103532e-05,0.2918823024340209,1.031724421812337,0.0019407503860602686,0.12151659030972459
1733765081.3386042,10.607296226992014,-7.5243458898471245e-06,0.29552516545171986,1.0540659524907843,-0.004293594041917573,0.11534709707037917
1733765081.3651445,10.637888181405291,-0.00026799550913281304,0.2995613155872665,0.9872256719029185,-0.001598845080823487,0.13230993986954473
1733765081.3916934,10.667467423045126,0.0001930624403015556,0.29927337105372426,0.9827883464563283,0.02612641124180713,-0.12012960607684514
1733765081.4180725,10.697203955988119,0.0010153762519725389,0.29538921504412297,0.9933081491830454,0.027583081717127287,-0.11098107544700442
1733765081.4438834,10.728095961547718,0.0019423115256012242,0.29372590084810557,1.0396602258055785,0.036113491905631345,-0.020368683165098097
1733765081.4701376,10.75949679442539,0.0033774546787739084,0.2935183158387782,1.0616911399716977,0.054058592121789865,-0.00028927494663445394
1733765081.4960306,10.790400095225717,0.004489114583016005,0.29780651100474137,1.014365188603119,0.029862377748785657,0.2173324224902291
1733765081.5226457,10.820314918737983,0.005879095880886796,0.29976040666532267,0.9812030098882688,0.05621878322753704,-0.05086046903239234
1733765081.5483332,10.849741593855269,0.007687184005384226,0.29706248950186903,0.9763062275271742,0.0660902156345051,-0.09471742631047397
1733765081.5741837,10.879734978593273,0.008817330584690879,0.2976948774490113,1.002011360330139,0.036925639713295655,0.08505569037778256
1733765081.6003213,10.91000026809959,0.0098114921631239,0.30062445955953676,1.023558649534588,0.030437363960549642,0.09641697578523921
1733765081.6261508,10.94007815856503,0.010586936139451478,0.3019418374735846,0.9848817755828673,0.028227126321658365,-0.021801814381936416
1733765081.6519184,10.96946275373962,0.011558455206015976,0.3004515940519948,0.973079182628833,0.036067223252719015,-0.06397132638329386
1733765081.6777987,10.999198328475867,0.012735611421458123,0.29620166599105474,1.0003717318584275,0.037725812311196,-0.17964226916856174
1733765081.7052,11.030383526443472,0.013766951853960093,0.29308345708252415,1.0526052765566107,0.03417778452531915,-0.04953136579083044
1733765081.7307644,11.062135662025815,0.015046929086956881,0.2922541940825971,1.072761841838489,0.047346251230915,-0.016579818131446492
1733765081.7574232,11.093202924508162,0.01576392860604074,0.29506154566036485,1.0152178874783588,0.011128220508144415,0.14214634799616957
1733765081.7831523,11.123141978775791,0.016616204016762476,0.2975765136290793,0.98364665859621,0.039755744616020015,0.0456874083376712
1733765081.8095465,11.152623260339823,0.018130112944598018,0.29853930462791045,0.9765841465854336,0.057651589306120875,0.04554455019850739
1733765081.835275,11.182453578640343,0.019205040447611496,0.301231598158014,0.9880449036300311,0.044344480176477526,0.09553750006329251
1733765081.8606265,11.212133230996994,0.020515499531951573,0.3019092625272804,1.0027327836849376,0.04472900496049531,-0.035383418100173585
1733765081.887258,11.240962578290956,0.02130324654284948,0.3011593082711071,0.9295190485961609,0.02178681706367385,-0.05158381751735867
1733765081.913851,11.26905679863283,0.022273483225195866,0.29599142172913334,0.9388639432942372,0.03784398380970252,-0.2608269617477007
1733765081.9402895,11.297717600368752,0.023267482823631273,0.291188570330428,0.9678679188358226,0.02820980650784921,-0.056121802865766
1733765081.9667342,11.328333223186515,0.024064363523624517,0.29039728313267854,1.0397862719495048,0.029203998062119298,-0.011766254969285609
1733765081.9929965,11.359799279619784,0.02538030431072119,0.2892047155272409,1.0628627522036282,0.04996910656739451,-0.06762015847727974
1733765082.0187716,11.391117722236686,0.026117157969035926,0.2928909456315444,1.0368400828537299,0.007870599783672633,0.24469313763223988
1733765082.044349,11.421531221227907,0.026493233642641938,0.2958260056681969,0.9933865977183052,0.012659257092900899,-0.015647649248091595
1733765082.07083,11.451339802843854,0.026894595930716535,0.2942225010845063,0.9897177161000706,0.012989224358383273,-0.06203165049187076
1733765082.096753,11.481811020872446,0.026475355071719147,0.29406176260542627,1.0171727350294557,-0.014542795219565826,0.017738196093627416
1733765082.1235921,11.512348056977139,0.02593319409474666,0.29177297925193346,1.0231719872976406,-0.01849015719149505,-0.1471684550093667
1733765082.1494572,11.542948429600946,0.02490346994900153,0.29100326863194576,1.0233491251340254,-0.04709658891757735,0.045229056774237254
1733765082.175148,11.573706100093219,0.02350503468251532,0.2913727719248283,1.0251758572472895,-0.04760565129429577,-0.00483653553132498
1733765082.200873,11.604023727107117,0.02177894906044301,0.2930785534019797,0.9943128626383246,-0.0683401098267374,0.12842345703096322
1733765082.2266555,11.634050905240269,0.020353761129538916,0.29607770489272617,0.9865776476214836,-0.042691018872823734,0.05664315305200393
1733765082.252472,11.664748941605943,0.019381007718789513,0.29347007989736235,1.0406487342394026,-0.02302697315128017,-0.20597942932005486
1733765082.2787256,11.694478917678154,0.019118653513585868,0.2947974678413769,0.9695941410244534,0.00742437763384768,0.20772917259431628
1733765082.3052595,11.723844670005057,0.020164263703245016,0.2980315732678113,0.986525597215099,0.04997245364302113,0.037694758358255406
1733765082.3316982,11.754269525050407,0.021388699560504883,0.2976166315938544,1.0200907371828702,0.044465805902224084,-0.03104098903905908
1733765082.3583295,11.785170415872091,0.022233259120141426,0.2980830443616798,1.0255092798709835,0.02790422827596949,0.02415930290940814
1733765082.3849027,11.816118894182557,0.0227959428980447,0.2985816210554288,1.0429676896020075,0.01718948582992707,0.006833382284408118
1733765082.4112859,11.845888124300517,0.022978053285886126,0.2996649717718286,0.9567404699043123,-0.002198898140697908,0.026010244115179784
1733765082.4376347,11.874257154709605,0.022340910808401653,0.29806178510406933,0.9348918999538082,-0.038394774709503796,-0.10982622018331038
1733765082.4634101,11.901945408092653,0.020044009487344826,0.2974892038649652,0.9112184645418802,-0.10150609715387274,0.07603919893517559
1733765082.4899113,11.930038805767246,0.017186053231310918,0.3002825482057597,0.935115641172382,-0.10645250452387471,0.08388825182267405
1733765082.515953,11.958373765250325,0.01391469714576051,0.30169341074289824,0.9576268923801073,-0.12018287533693212,0.02217676883108647
1733765082.542264,11.986499900573335,0.011376642427425823,0.3049820788187375,0.9314799542826576,-0.053369289701550235,0.14220674909397565
1733765082.5689044,12.01466407253074,0.010508350532885052,0.30710443219447003,0.9416046814319067,-0.012894596020620281,0.02234416873882543
1733765082.5948925,12.04338872050826,0.010536617736715808,0.30472710606518794,0.9624469806983063,0.020360182920404344,-0.14162904077882205
1733765082.6215804,12.073203207716967,0.01094434042270165,0.3018898262876217,0.9965195030518941,0.028508532020716994,-0.07076505665942784
1733765082.6476579,12.103090606378501,0.012046567808251807,0.29886938836752064,0.999650107883869,0.04960682115103372,-0.10573046143322729
1733765082.6741433,12.132654213703313,0.013775081441052394,0.3018739771466939,0.9937081842017594,0.06613418797395779,0.22220070187018634
1733765082.7016468,12.162976796780566,0.01629971615677602,0.3062944182019677,1.0226920076856267,0.10301640559113162,0.09048419021917563
1733765082.7275627,12.194088404532229,0.0203688534284579,0.3057448698477778,1.0481083319432485,0.17010605223814648,-0.09103711862344456
1733765082.755005,12.22728803614637,0.026461889292949112,0.3010359158340066,1.1312001536761955,0.22774859138790574,-0.21927633702776073
1733765082.780778,12.260777537415864,0.033536307920566666,0.2948534438411381,1.1066478073984076,0.23496114654887354,-0.1528733166974785
1733765082.8074896,12.293528609781628,0.03867948953414224,0.29543074671865116,1.0734666155513832,0.11965902803699552,0.12517848345047
1733765082.8339899,12.324536371324141,0.041373685849100096,0.295947433887253,0.9996532504001079,0.06393139267134902,-0.06761580186533654
1733765082.8601985,12.354633949374218,0.04253260713040483,0.29617191275682236,1.0076852203816502,0.013314929139946958,0.0928768520334883
1733765082.8865383,12.385597936764862,0.04218867053879574,0.2994191570587714,1.0372443010652335,-0.015995921688932106,0.08941538435929912
1733765082.9124866,12.416773890341313,0.04178266402237725,0.29911689852985,1.054778352531873,-0.014256294858627734,-0.09010128287359002
1733765082.939135,12.447348468383609,0.0396624366215623,0.3017416934472038,0.987615718350901,-0.10542428388706507,0.20682171311397718
1733765082.9654253,12.47690263483909,0.036174822009530413,0.3055253684894793,0.9799648661612954,-0.1311959699435499,0.06356536307308426
1733765082.9914331,12.505387365206865,0.03150918784490711,0.3056569340583948,0.9274991774855017,-0.18214424959675748,-0.02017231956685658
1733765083.0173798,12.53333500559457,0.025686971551608543,0.30613095786174027,0.9167681081470973,-0.21881356766173815,0.023568820951449406
1733765083.043248,12.561787634933381,0.018833180845226675,0.30209965230807284,0.9612598080791448,-0.2318909407951918,-0.22211385806303666
1733765083.069811,12.589003720696043,0.014983260994142333,0.3010943820664706,0.8761558070539928,-0.05309361318749254,0.07941278097381209
1733765083.0969183,12.615464657228562,0.014109382079261518,0.30169395972478863,0.8860603005748992,-0.012532962812323285,-0.021739681095494075
1733765083.1242893,12.642848703201903,0.013732132464740913,0.301028070093664,0.9240708909482477,-0.006548667186240032,-0.0017668434336181602
1733765083.1512628,12.671745422907208,0.013864237617610724,0.29955630917970166,0.978975629685929,0.01897786635389795,-0.10022114071441447
1733765083.17703,12.70129063072706,0.014081558762434084,0.29763792720866705,0.9938020056435536,0.015935262247557747,-0.02509197459875334
1733765083.2036777,12.730580358222229,0.014756743510836898,0.30221689934062834,0.9778349752160638,0.021707136995721688,0.255647352396095
1733765083.2296784,12.759786615063177,0.015041816728444386,0.30467124130799694,0.966493018769364,0.004920098256560979,-0.054944452172131814
1733765083.2569659,12.788418877857602,0.015007925796796521,0.3011667760061714,0.9484711828039208,0.004476836676621649,-0.15009604317221778
1733765083.2829516,12.818776253556269,0.015826635319016538,0.29622857509254275,1.0250657885857137,0.024291626012021447,-0.17954842537245785
1733765083.3095675,12.84982776076244,0.016585715029238016,0.291823156132871,1.0413158686405748,0.02788168370245945,-0.09735695109647796
1733765083.3355577,12.880080702109614,0.017211038770787522,0.29198619906977075,0.9902198724156597,0.014948591849614272,0.05128371847990502
1733765083.3624287,12.909405819904398,0.01770795976456216,0.29247994971702623,0.968902769012472,0.014903737677118667,-0.0003592377806748292
1733765083.3892658,12.9387945759349,0.01799951397220577,0.29161917217788014,0.9765478289774173,0.008572995157328346,-0.02978983142261862
1733765083.4156692,12.968734768619823,0.01796768662185629,0.29028763424047604,0.9957228774529016,0.007122194837935788,-0.07657764937675986
1733765083.4418132,12.998849301159705,0.0179831196483826,0.29140577198099715,1.0187004877991845,0.0009500725592525724,0.12748341069514824
1733765083.4678166,13.028676383995037,0.017798293492963583,0.29739649725485756,0.9790925003027573,-0.008360157574277613,0.2249554259393281
1733765083.4941576,13.057810478173767,0.01749694647434365,0.3005929685833619,0.9636205103124746,-0.011673361090240017,0.01802173693283557
1733765083.521004,13.086464695417392,0.016751401785134283,0.3001118361428671,0.9467222085770308,-0.03149882733963567,-0.02245082717842303
1733765083.5474381,13.116185946365734,0.016093214310658143,0.2988658445522068,0.9941710334334808,-0.031714887547925945,-0.059444699290982415
1733765083.5738358,13.1461863473311,0.015300306253360051,0.2975356052208152,1.0105165996127792,-0.02957816862188646,-0.026366079779921486
1733765083.5996735,13.17633979690172,0.014908716672811496,0.30096529124640553,1.0096468840486608,-0.0002933296179081224,0.19509144977529602
1733765083.6260157,13.206231564199545,0.015092258354741416,0.30455807077611713,0.9847853570978419,0.00791362361918927,0.06748858150112706
1733765083.6521144,13.235891850798561,0.015330810577603007,0.304130815573584,0.9831033938207013,0.011736922904338861,-0.05877208735948767
1733765083.6773458,13.266085395855702,0.015244320367128063,0.3009290977605745,0.9988282745400592,0.00446210150686428,-0.16110363577090586
1733765083.7038295,13.296164865349423,0.015387884349407108,0.2979630681249292,1.0118017561382497,0.005873692395489983,-0.022283885821166798
1733765083.729429,13.326798910726966,0.01462577354893304,0.30016723834540193,1.039414726510725,-0.05298427116238459,0.10887878434315568
1733765083.756539,13.357820408950008,0.012245032488881313,0.30179735967081806,1.0274684851474365,-0.09841352889862812,0.0227258216030708
1733765083.7821946,13.38819118374953,0.008815792575331731,0.30258094427158094,0.9942443566623763,-0.12930744071520722,0.044355873121193434
1733765083.808755,13.418006069490028,0.005222877166370224,0.3046960635109885,0.9763641696614572,-0.1332393399961405,0.07397890750639477
1733765083.8351686,13.447953081288743,0.0007707941447116103,0.30168584369045204,1.0167939013734557,-0.16312050502609665,-0.2315677044957585
1733765083.8611405,13.476580872944998,-0.001190600663522493,0.2993701646405837,0.9102393838309597,0.00061006410059496,0.013483410610371477
1733765083.8878832,13.504376906783316,-0.0010402816390780263,0.29884745465038665,0.9400266868459402,0.007121146954756242,-0.033075622586839534
1733765083.9140198,13.53354964640132,-0.001017208591885469,0.2962568249281829,0.9876054292006814,-0.0010294866153128075,-0.10375942970077362
1733765083.9405484,13.564074343496417,-0.0016301393249233823,0.2954278454521106,1.0244969120522454,-0.01963699625236793,0.010104068951695744
1733765083.9667647,13.595156548850186,-0.0023518311156241764,0.2974810603795837,1.0529406399656225,-0.02485046884953705,0.10616228349045684
1733765083.9926772,13.62628989037353,-0.0021573203346983154,0.3005955188532916,1.0374941690836175,0.02843329635098042,0.05954614837541067
1733765084.0190053,13.657774065918831,-0.0012754749447578206,0.3000183208372161,1.0576131708489764,0.033423359351341886,-0.076324000906277
1733765084.0450609,13.689429165998218,0.00019076667799429296,0.298381678206081,1.0598077164302115,0.06806040176779744,-0.03013733891147686
1733765084.0714998,13.723846836626914,0.003115967671952792,0.29793776391263166,1.1714995221743114,0.10884177988503248,-0.003985151581099563
1733765084.097476,13.757569318875067,0.005972624563431597,0.2970330578809397,1.103606035378325,0.09875076306882781,-0.0479527673570397
1733765084.1238976,13.789382233460419,0.008248187373185025,0.29847778035849154,1.0196569101237087,0.05033860312762543,0.10197699969328537
1733765084.149914,13.818973362486174,0.00923985390809366,0.2974869355913659,0.958931292412384,0.016563046214805612,-0.13796265470174426
1733765084.176046,13.84779213937339,0.009816429568122285,0.29362405992476587,0.9616855610520995,0.01986160059479086,-0.09755696428311332
1733765084.2021232,13.877959432563852,0.010140166987127447,0.29329746648716826,1.0228574978892815,0.012458658211003063,0.031290370788429354
1733765084.2276633,13.909022215426518,0.009762144719525398,0.2945934944997515,1.0559821025663192,-0.02882959538502954,0.05548088932207667
1733765084.253508,13.938207007788911,0.008537557719478986,0.2988877401296903,0.9063787498754564,-0.04098663539701853,0.17961344195712947
1733765084.2796583,13.965055812987055,0.007410971264942786,0.3020251920708818,0.8831946027998745,-0.04046537351058268,0.05163263889907701
1733765084.3073316,13.991558894381333,0.005578684071760597,0.3013620351172987,0.8792126062917602,-0.07151716826543376,-0.061699605470304425
1733765084.3340325,14.019291659045294,0.003616076621402856,0.2973764053469584,0.9304335044838393,-0.0733636816890655,-0.17558013925771043
1733765084.360197,14.047502888708971,0.0018130146883599456,0.29478481939751994,0.9500099534350471,-0.05915361424389736,-0.0038930409533853923
1733765084.3862836,14.076139984907115,0.0009575326564734095,0.2968414720530694,0.9635530214482216,-0.006665127905402569,0.10051046943451641
1733765084.412453,14.104909061420164,0.0010390844074859816,0.29564796048612724,0.9535205369926733,0.007527152588175789,-0.14546091826679156
1733765084.4390843,14.134191683916809,0.0010691250020994957,0.29461387321902954,0.9858531102628265,0.0017770541214887337,0.0804549285729718
1733765084.46563,14.164501607328651,0.0009615242033914685,0.2952800752134051,1.0093769667763652,0.006838270452001093,-0.05038191951924959
1733765084.49267,14.194841302969794,0.0009096344481664572,0.2929288529375695,1.0193443433007157,0.0011293340291345007,-0.082567623193691
1733765084.5194933,14.226082264190092,0.00020404189605119488,0.29242275976662113,1.0696554836899737,-0.04085863689980196,0.004126462162267182
1733765084.5461206,14.258125987343018,-0.0007155754029446282,0.2918644710282481,1.064126163593616,-0.021025295672012008,-0.02589700007545241
1733765084.5726728,14.290497351353462,-0.0013448014399659249,0.2932910401446575,1.094480920108929,-0.013331910479400058,0.11889628166422456
1733765084.5988808,14.3250011497869,-0.0004684521658212945,0.29662403291923856,1.1568450298451936,0.034462029335857396,0.09304744921694853
1733765084.6261537,14.358953776476705,-3.4412382142204885e-05,0.29546924535132696,1.1365761358358244,0.009204478448978305,-0.1501997403758491
1733765084.6518269,14.391783128171074,0.0008358039478024788,0.2920016872488653,1.0306202113003462,0.03423547112173882,-0.07557423420797442
1733765084.677152,14.421500833178627,0.0016107289800421382,0.28904151681092977,0.9605211983608957,0.01893650491114917,-0.11100827658609973
1733765084.7031312,14.451023191144827,0.002099927623927209,0.2892864432483641,0.9916230669300105,0.01971675640092379,0.12474302197819102
1733765084.728726,14.481365012625526,0.002123162112179081,0.29312929124861803,1.0166671291285692,-0.0074877583525394245,0.10684603838121556
1733765084.7554014,14.511481369738208,0.001641858249131769,0.2935952374888631,1.0100810375623595,-0.02290030435399187,-0.05216341881590482
1733765084.7813015,14.541553838718304,0.0007651522974840673,0.29586059143905996,0.9941737829107966,-0.02904322438926412,0.15188806612174002
1733765084.807936,14.571656392637681,-0.00020768494465469724,0.2974142081090206,1.0067125696929669,-0.03318302832774947,-0.023909842258300402
1733765084.8340304,14.601894389624547,-0.0008316954240823356,0.29673639637796423,1.0120012807590182,-0.010803435550929698,-0.009534587363600053
1733765084.8598797,14.63421219897944,-0.00011280014973131368,0.2967677141854595,1.0924022825001176,0.035739599015728075,0.0025094961074481077
1733765084.885736,14.665765113174523,0.0009769859297496886,0.29678291664012874,1.0391591885723102,0.04469410220215075,0.0016397024032010026
1733765084.911283,14.696245792786174,0.0023153640154100243,0.29508578661575086,0.9795767362496537,0.034696032722885184,-0.09893972778712552
1733765084.9379938,14.725741121627747,0.0033563255118285304,0.2923080615038486,0.9866378288879688,0.032219698230318394,-0.07801562728213345
1733765084.9637384,14.755805953650205,0.003705459505695173,0.291884268843853,1.0057960525054719,0.0023648210792991163,0.05561408489521048
1733765084.990198,14.786693452578001,0.0030292921265856233,0.29432933025950386,1.0387373262212207,-0.03368992287753611,0.07511541105141552
1733765085.016027,14.817280659533932,0.0019335684010457564,0.2945047654695547,1.0190834593113811,-0.041518305638493076,-0.039267197815237825
1733765085.0420063,14.847309019893988,0.0008177509062712599,0.2975052494666575,0.9824498867070541,-0.029327798041196916,0.18785955653061578
